iter,loss,sigma,stage,grad_norm_active,method,group,lr
0,-1.20319731064799,0.6,0,0.10874071107025085,naive,,
1,-1.1917953649334563,0.6,0,0.004553220802565667,naive,,
2,-1.1683016432215487,0.6,0,0.027310111562717062,naive,,
3,-1.2325888123700397,0.6,0,0.06257425502365481,naive,,
4,-1.2369782289874833,0.6,0,0.03903462577313918,naive,,
5,-1.2574986409243396,0.6,0,0.033219784395268986,naive,,
6,-1.2162002674220125,0.6,0,0.13067733925779362,naive,,
7,-1.1757581003835553,0.6,0,0.01552955902427762,naive,,
8,-1.2584666962877558,0.6,0,0.034102107542828705,naive,,
9,-1.2986479201520176,0.6,0,0.011691800152646002,naive,,
10,-1.2323804679366015,0.6,0,0.036444359473483574,naive,,
11,-1.2365760364516811,0.6,0,0.02557678531770137,naive,,
12,-1.2390025264251765,0.6,0,0.014065585918891583,naive,,
13,-1.2418529721642932,0.6,0,0.01133738939815454,naive,,
14,-1.174858173234077,0.6,0,0.1005388591440027,naive,,
15,-1.2370547834522845,0.6,0,0.028412412416005055,naive,,
16,-1.1458160945043225,0.6,0,0.02997508074964378,naive,,
17,-1.2172073016983411,0.6,0,0.05746716891506633,naive,,
18,-1.1613564098359734,0.6,0,0.033300669586048236,naive,,
19,-1.2317441739670967,0.6,0,0.006932167018743662,naive,,
20,-1.2746245858265746,0.6,0,0.004551418959757449,naive,,
21,-1.1977242088519806,0.6,0,0.004749277349931268,naive,,
22,-1.215690163493058,0.6,0,0.019610796924917892,naive,,
23,-1.193657379209798,0.6,0,0.024591526422873364,naive,,
24,-1.23434924262423,0.6,0,0.009479101423698079,naive,,
25,-1.2222646540260445,0.6,0,0.015551597230285954,naive,,
26,-1.2343337038186721,0.6,0,0.045849238625463355,naive,,
27,-1.3244621766004927,0.6,0,0.03841433014049717,naive,,
28,-1.1822311925503193,0.6,0,0.06935864793104275,naive,,
29,-1.24894190090768,0.6,0,0.03390605019319719,naive,,
30,-1.1650296933265132,0.6,0,0.057011319209775244,naive,,
31,-1.2418582429943616,0.6,0,0.03408853254781919,naive,,
32,-1.2185648826535385,0.6,0,0.017838700686677155,naive,,
33,-1.1888055653690253,0.6,0,0.07071246091791722,naive,,
34,-1.2056085588545673,0.6,0,0.03620108431337605,naive,,
35,-1.3103269968915763,0.6,0,0.05586410439946622,naive,,
36,-1.23157638981928,0.6,0,0.048722561020055496,naive,,
37,-1.2108324178725363,0.6,0,0.012614241157572613,naive,,
38,-1.2127595204795614,0.6,0,0.014086371181681283,naive,,
39,-1.2121161881175935,0.6,0,0.13453694416738454,naive,,
40,-1.2317699354480154,0.6,0,0.011214726336695891,naive,,
41,-1.2227945477432767,0.6,0,0.06805162787437966,naive,,
42,-1.216122253929611,0.6,0,0.008444660288528642,naive,,
43,-1.2284541540690426,0.6,0,0.010735152950105192,naive,,
44,-1.1843479687310907,0.6,0,0.044523753457048704,naive,,
45,-1.2189192587075923,0.6,0,0.002505034447166079,naive,,
46,-1.271109808340165,0.6,0,0.019620195762836485,naive,,
47,-1.2410243418349713,0.6,0,0.0019423758946465614,naive,,
48,-1.2008713137908331,0.6,0,0.02524366709621742,naive,,
49,-1.24192914004034,0.6,0,0.08137271797266085,naive,,
50,-1.1710738216126242,0.6,0,0.02300875099894673,naive,,
51,-1.2212062923704732,0.6,0,0.06027326846678964,naive,,
52,-1.1963138711519574,0.6,0,0.017972128492779748,naive,,
53,-1.2410828900851008,0.6,0,0.0207225893312346,naive,,
54,-1.1443352085078295,0.6,0,0.03568548584646386,naive,,
55,-1.201317511779901,0.6,0,0.04170510039136731,naive,,
56,-1.2790971499288397,0.6,0,0.0008183252670187005,naive,,
57,-1.2428815244107625,0.6,0,0.05468751704685229,naive,,
58,-1.2399228654008732,0.6,0,0.0393093551882583,naive,,
59,-1.1962442289444044,0.6,0,0.009053531847307226,naive,,
60,-1.2793537262443486,0.6,0,0.04319683238973325,naive,,
61,-1.241483071350939,0.6,0,0.004488072152235364,naive,,
62,-1.219895812679693,0.6,0,0.08010002947854794,naive,,
63,-1.2293530666769863,0.6,0,0.025128511062763176,naive,,
64,-1.1854475905900679,0.6,0,0.008023400699441761,naive,,
65,-1.245956239054388,0.6,0,0.006593294763051219,naive,,
66,-1.2187487911754422,0.6,0,0.018628183964422083,naive,,
67,-1.2395393768006941,0.6,0,0.01597294441610437,naive,,
68,-1.2055742631009072,0.6,0,0.012234866839896247,naive,,
69,-1.1592369495993187,0.6,0,0.022518482656099688,naive,,
70,-1.2417136748304878,0.6,0,0.08106266880100918,naive,,
71,-1.2069570117817343,0.6,0,0.028890002607032818,naive,,
72,-1.1982619916585677,0.6,0,0.027999796020734803,naive,,
73,-1.241111529990678,0.6,0,0.010728129401301429,naive,,
74,-1.1696243880494084,0.6,0,0.07246836737966914,naive,,
75,-1.248600697139477,0.6,0,0.0024837418556945545,naive,,
76,-1.2221502703239997,0.6,0,0.02275748966285436,naive,,
77,-1.1588969157623275,0.6,0,0.0686181027713692,naive,,
78,-1.3132784495969223,0.6,0,0.016338088262538193,naive,,
79,-1.1973282062814412,0.6,0,0.006342375306408184,naive,,
80,-1.198445964302557,0.6,0,0.020404140528020046,naive,,
81,-1.2503235211987829,0.6,0,0.03909739127025,naive,,
82,-1.1866001321165505,0.6,0,0.049928386584935674,naive,,
83,-1.1961945022211535,0.6,0,0.026159660103170692,naive,,
84,-1.200855889131641,0.6,0,0.00012409586392306618,naive,,
85,-1.2097391507690514,0.6,0,0.03125376187002844,naive,,
86,-1.0718139607788841,0.6,0,0.05887483112134768,naive,,
87,-1.1700437683132574,0.6,0,0.008104740616562349,naive,,
88,-1.2651475496986957,0.6,0,0.051052506493213905,naive,,
89,-1.2384687072185563,0.6,0,0.029335081848941656,naive,,
90,-1.1756467973406401,0.6,0,0.0410455199024577,naive,,
91,-1.2815277699268819,0.6,0,0.047403477849680395,naive,,
92,-1.2280187755954954,0.6,0,0.04159591419500412,naive,,
93,-1.3240771946940666,0.6,0,0.011324275975155729,naive,,
94,-1.2203711865987716,0.6,0,0.009081030794002888,naive,,
95,-1.2869135604787934,0.6,0,0.005326467663393147,naive,,
96,-1.1952228459281646,0.6,0,0.0005042493799780889,naive,,
97,-1.1728223453332278,0.6,0,0.001017148532208927,naive,,
98,-1.2350496842160321,0.6,0,0.06138175508734007,naive,,
99,-1.2211646763241557,0.6,0,0.029609992587965095,naive,,
100,-1.2318083279316638,0.6,0,0.04034923310679743,naive,,
101,-1.215708923610696,0.6,0,0.038297089771400554,naive,,
102,-1.2314840824628726,0.6,0,0.0017910998741642557,naive,,
103,-1.194324844948221,0.6,0,0.010749182431035086,naive,,
104,-1.2343431081700462,0.6,0,0.003964245079763583,naive,,
105,-1.254474323819919,0.6,0,0.08307210212497593,naive,,
106,-1.1550162595529674,0.6,0,0.03712493991326832,naive,,
107,-1.268042631014863,0.6,0,0.009867177507674983,naive,,
108,-1.2659236853621283,0.6,0,0.025756191811699095,naive,,
109,-1.2584510009950138,0.6,0,0.06301195536999779,naive,,
110,-1.2415337258215566,0.6,0,0.04899609141727741,naive,,
111,-1.2860497283442345,0.6,0,0.051285846458364426,naive,,
112,-1.1866787479099976,0.6,0,0.02250172156516747,naive,,
113,-1.2234729143453307,0.6,0,0.0010573633386049964,naive,,
114,-1.2055586328712258,0.6,0,0.04710294543500555,naive,,
115,-1.2584082262795742,0.6,0,0.03102405827904961,naive,,
116,-1.2438843079661561,0.6,0,0.07940355276936681,naive,,
117,-1.2398970065544168,0.6,0,0.059111916656817406,naive,,
118,-1.2265765015701353,0.6,0,0.04129289913778029,naive,,
119,-1.2071567438778774,0.6,0,0.008758029700906975,naive,,
120,-1.1818402163190425,0.6,0,0.0016557160172613154,naive,,
121,-1.1923821924643356,0.6,0,0.05572298751171756,naive,,
122,-1.2878850718268409,0.6,0,0.0014879571770202125,naive,,
123,-1.2031833848584994,0.6,0,0.025185531191754033,naive,,
124,-1.1938695703156956,0.6,0,0.014519564723222843,naive,,
125,-1.245319461207134,0.6,0,0.009898954919465658,naive,,
126,-1.2374069752740315,0.6,0,0.07673533275667514,naive,,
127,-1.2334816273512512,0.6,0,0.042952914630328014,naive,,
128,-1.2514680007381327,0.6,0,0.09562397429822359,naive,,
129,-1.2311366435445983,0.6,0,0.01494913510830555,naive,,
130,-1.226579382222803,0.6,0,0.008527004813075115,naive,,
131,-1.284779236775618,0.6,0,0.049610263764403514,naive,,
132,-1.2310344718618587,0.6,0,0.07073444744469916,naive,,
133,-1.1985692928182823,0.6,0,0.10701802107510595,naive,,
134,-1.2077544497418684,0.6,0,0.060772604426333185,naive,,
135,-1.1947836530270264,0.6,0,0.013942952167149355,naive,,
136,-1.227256691484782,0.6,0,0.08165389170305293,naive,,
137,-1.270794215063867,0.6,0,0.013046815174791584,naive,,
138,-1.2324796682408405,0.6,0,0.008252367548875171,naive,,
139,-1.1632709346023233,0.6,0,0.013770836620920768,naive,,
140,-1.2114410378532046,0.6,0,0.07045265570730411,naive,,
141,-1.2548500485734215,0.6,0,0.05887459487862793,naive,,
142,-1.286494591578145,0.6,0,0.05104895325163299,naive,,
143,-1.2198643928091253,0.6,0,0.04722789501663964,naive,,
144,-1.168894177069675,0.6,0,0.041031901972561825,naive,,
145,-1.1280162815922488,0.6,0,0.06694782050608308,naive,,
146,-1.2967673758252563,0.6,0,0.03439557907026078,naive,,
147,-1.236214683892404,0.6,0,0.01662039274807397,naive,,
148,-1.2385915741423243,0.6,0,0.027638284177115995,naive,,
149,-1.1884071720764235,0.6,0,0.02613616876674941,naive,,
150,-1.1916998563080656,0.6,1,0.0343289553202284,naive,,
151,-1.2224647549617478,0.6,1,0.13534755858468525,naive,,
152,-1.2033923012903864,0.6,1,0.42741664148305836,naive,,
153,-1.236540884255766,0.6,1,0.3644167000864752,naive,,
154,-1.2339294635574467,0.6,1,0.39739727149352627,naive,,
155,-1.2204206456965876,0.6,1,0.09102421299013852,naive,,
156,-1.1556167805798245,0.6,1,0.4932574643856823,naive,,
157,-1.2147959813650533,0.6,1,0.12995891630449066,naive,,
158,-1.2499890318744686,0.6,1,0.58650478253198,naive,,
159,-1.26224003252994,0.6,1,0.3706097070208311,naive,,
160,-1.1652758735060607,0.6,1,0.11364490914088413,naive,,
161,-1.2059628019723425,0.6,1,0.15320658338228332,naive,,
162,-1.2799560916703538,0.6,1,0.07638700322806136,naive,,
163,-1.207075416316123,0.6,1,0.143636685834017,naive,,
164,-1.2728731135240698,0.6,1,0.4153099498656074,naive,,
165,-1.2138923649946887,0.6,1,0.5503920462698128,naive,,
166,-1.2349946956484408,0.6,1,0.14227993354422325,naive,,
167,-1.2418523512798438,0.6,1,0.3972467989122591,naive,,
168,-1.2714084863073536,0.6,1,0.34736635941864263,naive,,
169,-1.257366021337626,0.6,1,0.6175456068588969,naive,,
170,-1.2289610381960614,0.6,1,0.15860814965063216,naive,,
171,-1.1764722643863612,0.6,1,0.30338024379936396,naive,,
172,-1.2321087560852115,0.6,1,0.42903013463891976,naive,,
173,-1.2013336503134862,0.6,1,0.07029383291769352,naive,,
174,-1.2197729262840777,0.6,1,0.16484024788935334,naive,,
175,-1.2256319037502554,0.6,1,0.06422838112617893,naive,,
176,-1.1638817096301501,0.6,1,0.10289979151851111,naive,,
177,-1.206403219846585,0.6,1,0.28864516469146667,naive,,
178,-1.200500994743131,0.6,1,0.024178807194282365,naive,,
179,-1.2540614702561004,0.6,1,0.06005921325461544,naive,,
180,-1.234571078048275,0.6,1,0.11344842374235906,naive,,
181,-1.24015729190515,0.6,1,0.18597920154971048,naive,,
182,-1.2420416097803497,0.6,1,0.6193773156780589,naive,,
183,-1.2193612195858556,0.6,1,0.08048934623185239,naive,,
184,-1.2351360864270267,0.6,1,0.023233502357134735,naive,,
185,-1.1906600520195987,0.6,1,0.3775515392061486,naive,,
186,-1.2836339456542185,0.6,1,0.27927450712232255,naive,,
187,-1.1845635281273414,0.6,1,0.3089116054251213,naive,,
188,-1.2318817607408072,0.6,1,0.28697301270111497,naive,,
189,-1.233156237135029,0.6,1,0.9293960049254855,naive,,
190,-1.2281262851210468,0.6,1,0.21649728344664326,naive,,
191,-1.2109236161657155,0.6,1,0.21322350772048912,naive,,
192,-1.1562085524441719,0.6,1,0.27789327338618086,naive,,
193,-1.2476239015257318,0.6,1,0.03734798788706128,naive,,
194,-1.233745821004649,0.6,1,0.2583590200193109,naive,,
195,-1.2417970254389583,0.6,1,0.01015676019492788,naive,,
196,-1.1958080438352063,0.6,1,0.06650154918915974,naive,,
197,-1.2349180578520342,0.6,1,0.09951244560454975,naive,,
198,-1.2656356592925393,0.6,1,0.04660970508588517,naive,,
199,-1.273256423574007,0.6,1,0.24839024205850527,naive,,
200,-1.3054478990780567,0.3,2,0.13190193855642696,naive,,
201,-1.2493241052718562,0.3,2,0.3872438085948065,naive,,
202,-1.3079000557010523,0.3,2,0.1900293465558158,naive,,
203,-1.3701513041672522,0.3,2,0.2788706244930874,naive,,
204,-1.246824620277008,0.3,2,0.09645237827511156,naive,,
205,-1.27079585274274,0.3,2,0.14151369676703593,naive,,
206,-1.3208071671379442,0.3,2,0.17053652828450677,naive,,
207,-1.2975747925243035,0.3,2,0.2569529153989714,naive,,
208,-1.302779188333165,0.3,2,0.26259898596440995,naive,,
209,-1.2737930674818032,0.3,2,0.5600971458252058,naive,,
210,-1.2825397433394092,0.3,2,0.5528085744535225,naive,,
211,-1.2944448640088135,0.3,2,0.11393283401843488,naive,,
212,-1.2974238111298244,0.3,2,0.1614244857619702,naive,,
213,-1.3023548725412244,0.3,2,0.49284349250385034,naive,,
214,-1.3001954233349333,0.3,2,0.05661366394447106,naive,,
215,-1.245861210308984,0.3,2,0.09205249125409497,naive,,
216,-1.3337279372668038,0.3,2,0.640841655663365,naive,,
217,-1.2598420621743438,0.3,2,0.05124869134509673,naive,,
218,-1.2899568651435946,0.3,2,0.6277087183195995,naive,,
219,-1.2689514164321596,0.3,2,0.37893852151882423,naive,,
220,-1.309824304679148,0.3,2,0.12193535836138374,naive,,
221,-1.2841978325551453,0.3,2,0.24026150579455247,naive,,
222,-1.358028983421677,0.3,2,0.05002720475239341,naive,,
223,-1.2914968136429303,0.3,2,0.07205696371438282,naive,,
224,-1.322600235970763,0.3,2,0.04000325273342611,naive,,
225,-1.252767365068292,0.3,2,0.38544062483864566,naive,,
226,-1.3208851785810838,0.3,2,0.06654826853900048,naive,,
227,-1.2514238576849486,0.3,2,0.1659666560148035,naive,,
228,-1.3044626433497322,0.3,2,0.104942259808701,naive,,
229,-1.3038578809575163,0.3,2,0.1374297543756064,naive,,
230,-1.2610617714970844,0.3,2,0.28962986822798537,naive,,
231,-1.2855200851564073,0.3,2,0.14831914786711892,naive,,
232,-1.2796326847013386,0.3,2,0.21131667322854622,naive,,
233,-1.3010680584410537,0.3,2,0.27175034216401533,naive,,
234,-1.3388895243817807,0.3,2,0.03578636531237036,naive,,
235,-1.317374331407228,0.3,2,0.3706068980326785,naive,,
236,-1.3249963136605996,0.3,2,0.1447186354905565,naive,,
237,-1.2607337480220036,0.3,2,0.1532104428166224,naive,,
238,-1.287424437650424,0.3,2,0.00602627821553092,naive,,
239,-1.297589574551934,0.3,2,0.5177610271113088,naive,,
240,-1.2635190341564515,0.3,2,0.4907517941673821,naive,,
241,-1.3041818777181293,0.3,2,0.09642376855703112,naive,,
242,-1.2682779350920697,0.3,2,0.107155846788591,naive,,
243,-1.321914771367037,0.3,2,0.1570398233889948,naive,,
244,-1.2518803221620152,0.3,2,0.02798752798120384,naive,,
245,-1.310893849783933,0.3,2,0.8723328280147947,naive,,
246,-1.349012542858543,0.3,2,0.27643180947579116,naive,,
247,-1.2970933023302433,0.3,2,0.06974002976381094,naive,,
248,-1.2784856990862403,0.3,2,0.10180886116849763,naive,,
249,-1.2882063065376754,0.3,2,0.22247230456519856,naive,,
250,-1.3287233240282736,0.3,2,0.216776863741596,naive,,
251,-1.2819966968407157,0.3,2,0.35310873473666443,naive,,
252,-1.2869881155325245,0.3,2,0.12296479784370788,naive,,
253,-1.3384523183956176,0.3,2,0.29163691371279954,naive,,
254,-1.3009195360475703,0.3,2,0.2023243141215799,naive,,
255,-1.2943825112556153,0.3,2,0.5370331902220901,naive,,
256,-1.3395102837977242,0.3,2,0.08184546722815152,naive,,
257,-1.298624723995769,0.3,2,0.27975966360593224,naive,,
258,-1.2978063531230344,0.3,2,0.16753356092336172,naive,,
259,-1.3038016444119822,0.3,2,0.04839975082221337,naive,,
260,-1.3482977350819803,0.3,2,0.015984500834796342,naive,,
261,-1.273682347288066,0.3,2,0.15454419231967023,naive,,
262,-1.305764362502789,0.3,2,0.5528320462788509,naive,,
263,-1.3073958548120401,0.3,2,0.1781589040151188,naive,,
264,-1.3360705953171543,0.3,2,0.35149640683773764,naive,,
265,-1.284575338510642,0.3,2,0.2915166925378218,naive,,
266,-1.273478589402123,0.3,2,0.0755194947143943,naive,,
267,-1.3554850637295788,0.3,2,0.24174298041107417,naive,,
268,-1.3200085728131659,0.3,2,0.056349316048015304,naive,,
269,-1.330799421902988,0.3,2,0.32328856519669846,naive,,
270,-1.3372317976752457,0.3,2,0.2327343782358571,naive,,
271,-1.3572985699690023,0.3,2,0.515307681812858,naive,,
272,-1.2791332070849541,0.3,2,0.2673352145573333,naive,,
273,-1.29352449779739,0.3,2,0.35825337041356475,naive,,
274,-1.3487297655669508,0.3,2,0.15316243817066388,naive,,
275,-1.3896019890244338,0.3,2,0.21067006528204665,naive,,
276,-1.337314665163766,0.3,2,0.1822008286387417,naive,,
277,-1.3728913259658753,0.3,2,0.05457488356445915,naive,,
278,-1.3113133405392905,0.3,2,0.3536897339563274,naive,,
279,-1.3375422463283146,0.3,2,0.1478624217333549,naive,,
280,-1.4267835469748786,0.1,3,0.5521678056843975,naive,,
281,-1.4553215246142526,0.1,3,0.36165595350366003,naive,,
282,-1.4476911111794615,0.1,3,0.26999713418403,naive,,
283,-1.4562212375975965,0.1,3,0.35783190050216457,naive,,
284,-1.4524891381949363,0.1,3,0.20016729623183285,naive,,
285,-1.4567492586758641,0.1,3,0.10799610148675795,naive,,
286,-1.450760936390994,0.1,3,0.09226222913665212,naive,,
287,-1.4579594855284368,0.1,3,0.14011881659386863,naive,,
288,-1.451222585968567,0.1,3,0.08015866664869403,naive,,
289,-1.4555060938465008,0.1,3,0.11150002868136703,naive,,
290,-1.4493537536193593,0.1,3,0.1159353047904878,naive,,
291,-1.4519719284034895,0.1,3,0.03630031885335873,naive,,
292,-1.4533031079815286,0.1,3,0.16065758181371204,naive,,
293,-1.456535077790587,0.1,3,0.034933846025944355,naive,,
294,-1.4537510633791981,0.1,3,0.06662342503192482,naive,,
295,-1.4545841674265207,0.1,3,0.07946252981393949,naive,,
296,-1.4544698424131839,0.1,3,0.07852836580472576,naive,,
297,-1.4556049208313802,0.1,3,0.06183532105308594,naive,,
298,-1.45050605141115,0.1,3,0.06863388947281568,naive,,
299,-1.4521725850262934,0.1,3,0.06798060714313416,naive,,
300,-1.4554465705381583,0.1,3,0.14938069774613516,naive,,
301,-1.4503863564201347,0.1,3,0.09020580517512451,naive,,
302,-1.4523742567371816,0.1,3,0.03970716236501623,naive,,
303,-1.4539510405026588,0.1,3,0.07302020494173111,naive,,
304,-1.4549903088070226,0.1,3,0.0493093022156904,naive,,
305,-1.4557765538475014,0.1,3,0.01894148185236206,naive,,
306,-1.4515881070427497,0.1,3,0.0328760267199265,naive,,
307,-1.4553017929105518,0.1,3,0.0632853390201758,naive,,
308,-1.4595004201783714,0.1,3,0.06048719311815023,naive,,
309,-1.453657371049191,0.1,3,0.03396668954777496,naive,,
310,-1.4545355757615088,0.1,3,0.027970692908991478,naive,,
311,-1.4549587390212855,0.1,3,0.040075695562060386,naive,,
312,-1.4513689441366218,0.1,3,0.053396805142420845,naive,,
313,-1.4561874176422291,0.1,3,0.07851790531858607,naive,,
314,-1.4549048521404153,0.1,3,0.031393334193090414,naive,,
315,-1.4554098551970163,0.1,3,0.03719047711803056,naive,,
316,-1.4582253911437066,0.1,3,0.035116068384286624,naive,,
317,-1.4585136859492676,0.1,3,0.058597513040703,naive,,
318,-1.4529774041201893,0.1,3,0.03010417169820987,naive,,
319,-1.449132178464816,0.1,3,0.018675493667240632,naive,,
320,-1.453889468427107,0.1,3,0.03730274921810862,naive,,
321,-1.4544068013791815,0.1,3,0.02873626188610155,naive,,
322,-1.453041884376482,0.1,3,0.08102941606023413,naive,,
323,-1.4525234455420146,0.1,3,0.04380968419282227,naive,,
324,-1.4582335966865831,0.1,3,0.07532539901868862,naive,,
325,-1.4572552446841032,0.1,3,0.030805738343577256,naive,,
326,-1.4518628170244072,0.1,3,0.08702348247676556,naive,,
327,-1.4575610951727804,0.1,3,0.02101313106850309,naive,,
328,-1.4605150213096647,0.1,3,0.03573362290520402,naive,,
329,-1.448545254295145,0.1,3,0.029566200590785872,naive,,
330,-1.4490051713090577,0.1,3,0.026564109692795778,naive,,
331,-1.452242166994456,0.1,3,0.0824544480651013,naive,,
332,-1.456664138330236,0.1,3,0.027727092778329715,naive,,
333,-1.449852604010363,0.1,3,0.04744102411135193,naive,,
334,-1.4582590630145043,0.1,3,0.026514402228545612,naive,,
335,-1.4592554480489488,0.1,3,0.05869675475375928,naive,,
336,-1.4470121651279984,0.1,3,0.09389350882907543,naive,,
337,-1.452528910634364,0.1,3,0.005007293891644937,naive,,
338,-1.4548090531464086,0.1,3,0.014448445173461982,naive,,
339,-1.455167873168949,0.1,3,0.016428521800303058,naive,,
340,-1.4504613074067525,0.1,3,0.02064644152366196,naive,,
341,-1.4572346373985785,0.1,3,0.01334088857841685,naive,,
342,-1.4560872195438375,0.1,3,0.03387527896915683,naive,,
343,-1.45307193458423,0.1,3,0.037325300757811646,naive,,
344,-1.4508327326339354,0.1,3,0.049208719716077,naive,,
345,-1.4600790085046547,0.1,3,0.033810753416566836,naive,,
346,-1.4541733561643495,0.1,3,0.08263481732599971,naive,,
347,-1.451699403722585,0.1,3,0.10465550071335022,naive,,
348,-1.4523993732069251,0.1,3,0.06805521669434972,naive,,
349,-1.450819076644355,0.1,3,0.02481725784968009,naive,,
350,-1.4491383585413282,0.1,3,0.004420124540881798,naive,,
351,-1.4558387608081138,0.1,3,0.027997608010746713,naive,,
352,-1.4545388974254965,0.1,3,0.0389347394424219,naive,,
353,-1.45475802221442,0.1,3,0.0565869431873899,naive,,
354,-1.4523888651633916,0.1,3,0.02954901331081426,naive,,
355,-1.4572601827886895,0.1,3,0.061536759826028055,naive,,
356,-1.456304434425249,0.1,3,0.06235732809904518,naive,,
357,-1.4548635493431556,0.1,3,0.09148886180699475,naive,,
358,-1.4527077767338505,0.1,3,0.013444966978583885,naive,,
359,-1.457756374675347,0.1,3,0.029076247355006673,naive,,
360,-1.4546969482346679,0.1,3,0.06500269865804227,naive,,
361,-1.455074233942781,0.1,3,0.04138217341979905,naive,,
362,-1.4545342605087548,0.1,3,0.017832718009082562,naive,,
363,-1.455528568496589,0.1,3,0.05168957237673385,naive,,
364,-1.4542600931680028,0.1,3,0.025183587932576416,naive,,
365,-1.4563019391344398,0.1,3,0.004360870479573375,naive,,
366,-1.454960931263042,0.1,3,0.06318651311587771,naive,,
367,-1.455729302113394,0.1,3,0.03767493971718004,naive,,
368,-1.4607049102244503,0.1,3,0.08398591806052398,naive,,
369,-1.4543862089111488,0.1,3,0.057653530422375476,naive,,
370,-1.4550862455818794,0.1,3,0.023491479717967348,naive,,
371,-1.4588224194174608,0.1,3,0.04457198556650724,naive,,
372,-1.4466039609868493,0.1,3,0.07911324024998048,naive,,
373,-1.4586685506590344,0.1,3,0.07739564773753689,naive,,
374,-1.451025222622857,0.1,3,0.012767344725475936,naive,,
375,-1.452087449478648,0.1,3,0.018329072538531395,naive,,
376,-1.4584277761559035,0.1,3,0.046302257389345916,naive,,
377,-1.4495887347971104,0.1,3,0.022187488934269195,naive,,
378,-1.4591567255338833,0.1,3,0.025004031262891878,naive,,
379,-1.455910891264824,0.1,3,0.08668647071566782,naive,,
380,-1.4577345864728333,0.1,3,0.027303771024789158,naive,,
381,-1.4550389405580808,0.1,3,0.018180027183754447,naive,,
382,-1.452632326280997,0.1,3,0.0327337900155921,naive,,
383,-1.4577130474703783,0.1,3,0.05319877330778365,naive,,
384,-1.4525227518266046,0.1,3,0.04714773645488766,naive,,
385,-1.4544509490270068,0.1,3,0.026725122287564122,naive,,
386,-1.4561542673698082,0.1,3,0.014886535907542471,naive,,
387,-1.456946573304241,0.1,3,0.04573795177836935,naive,,
388,-1.4582394284677873,0.1,3,0.08294318913199164,naive,,
389,-1.4595739259207734,0.1,3,0.02171178099168874,naive,,
390,-1.4549541922751663,0.1,3,0.10162125357023065,naive,,
391,-1.452852722419205,0.1,3,0.09249812012378086,naive,,
392,-1.4506627764857947,0.1,3,0.045570861968216976,naive,,
393,-1.4593194235210167,0.1,3,0.016877270317288223,naive,,
394,-1.4596299622024351,0.1,3,0.025544419580329138,naive,,
395,-1.45626650330936,0.1,3,0.016872652392854022,naive,,
396,-1.4566500807072136,0.1,3,0.006995425533083297,naive,,
397,-1.455667576602542,0.1,3,0.006823765244527466,naive,,
398,-1.455760378974397,0.1,3,0.05731436185642199,naive,,
399,-1.4533232631086939,0.1,3,0.011302332232217507,naive,,
0,-0.12203834264505947,0.6,0,0.897019179811245,phase_align,,
1,-0.1774063703780567,0.6,0,0.8710879658532227,phase_align,,
2,-0.3980146322536823,0.6,0,0.8814653086827047,phase_align,,
3,-0.4834938943770897,0.6,0,0.8989496035090676,phase_align,,
4,-0.4683969878466545,0.6,0,0.9351423703341979,phase_align,,
5,-0.3706419362992276,0.6,0,0.9200160763751409,phase_align,,
6,-0.6670541135252932,0.6,0,0.8287916223065239,phase_align,,
7,-0.6452993911396283,0.6,0,0.7677947055164739,phase_align,,
8,-0.7303568883252471,0.6,0,0.7821501712402567,phase_align,,
9,-0.7146311244554151,0.6,0,0.7412683784752839,phase_align,,
10,-0.8121431282478275,0.6,0,0.7555878027437837,phase_align,,
11,-0.889403094436777,0.6,0,0.6402734162329906,phase_align,,
12,-0.922774393849554,0.6,0,0.6185029732087274,phase_align,,
13,-0.8873281221856023,0.6,0,0.626122522469134,phase_align,,
14,-1.0522160235497307,0.6,0,0.57533350560419,phase_align,,
15,-0.9849714445968035,0.6,0,0.4912129742551328,phase_align,,
16,-1.0427462516174564,0.6,0,0.5069551795217666,phase_align,,
17,-1.0586032901619977,0.6,0,0.4436631139607254,phase_align,,
18,-1.094620381108717,0.6,0,0.44768609281608546,phase_align,,
19,-1.0701078266026647,0.6,0,0.34430791577664854,phase_align,,
20,-1.1149275058041839,0.6,0,0.35391623479155176,phase_align,,
21,-1.145073300767479,0.6,0,0.4494185747233598,phase_align,,
22,-1.1581722350589663,0.6,0,0.37239326938067646,phase_align,,
23,-1.1575742644952314,0.6,0,0.33273048701119684,phase_align,,
24,-1.182027251925289,0.6,0,0.27532672466870384,phase_align,,
25,-1.179057632989624,0.6,0,0.33942338701511543,phase_align,,
26,-1.1478032798196365,0.6,0,0.24682724200533707,phase_align,,
27,-1.1435401833695713,0.6,0,0.32999220481415203,phase_align,,
28,-1.1310878310850974,0.6,0,0.23322078885990166,phase_align,,
29,-1.2304978273045648,0.6,0,0.26476032383960924,phase_align,,
30,-1.247322105618418,0.6,0,0.14074280558230962,phase_align,,
31,-1.2822300981359789,0.6,0,0.24319231926717322,phase_align,,
32,-1.2814247828404612,0.6,0,0.1692883753689915,phase_align,,
33,-1.243062507172191,0.6,0,0.13883598899402008,phase_align,,
34,-1.272807822342712,0.6,0,0.15879846336611425,phase_align,,
35,-1.158014133270461,0.6,0,0.18389545777381178,phase_align,,
36,-1.2087574557391552,0.6,0,0.12865007244777443,phase_align,,
37,-1.258541229713228,0.6,0,0.15851881873917026,phase_align,,
38,-1.2338311583087234,0.6,0,0.058263884486976,phase_align,,
39,-1.2159915367823388,0.6,0,0.1607620172044109,phase_align,,
40,-1.2452940719380508,0.6,0,0.10524975005979326,phase_align,,
41,-1.1866904899514927,0.6,0,0.08054482411512864,phase_align,,
42,-1.2123735805086215,0.6,0,0.1264741722886651,phase_align,,
43,-1.177372916224707,0.6,0,0.15952813588856105,phase_align,,
44,-1.2278188655903572,0.6,0,0.003375476730530182,phase_align,,
45,-1.2507770242921705,0.6,0,0.011703684632445876,phase_align,,
46,-1.2635150874691847,0.6,0,0.08927116611429939,phase_align,,
47,-1.1854424658368399,0.6,0,0.06216971100171173,phase_align,,
48,-1.1937933924897048,0.6,0,0.07361169361473119,phase_align,,
49,-1.1995166854642432,0.6,0,0.0497514070472754,phase_align,,
50,-1.2053680523010564,0.6,0,0.13026549032190182,phase_align,,
51,-1.167708050096338,0.6,0,0.008811270161941033,phase_align,,
52,-1.2274398486870273,0.6,0,0.0568036686532764,phase_align,,
53,-1.2049779167984753,0.6,0,0.0358051342412108,phase_align,,
54,-1.1997631912162754,0.6,0,0.06835000664907441,phase_align,,
55,-1.2219079830004291,0.6,0,0.07120056107247194,phase_align,,
56,-1.2256980561308253,0.6,0,0.047000094232620894,phase_align,,
57,-1.1897097227164126,0.6,0,0.02157203332806052,phase_align,,
58,-1.1778316750031013,0.6,0,0.03237939254104483,phase_align,,
59,-1.2310629489707248,0.6,0,0.014786835647162776,phase_align,,
60,-1.2584028570105492,0.6,0,0.059829399854572474,phase_align,,
61,-1.196150407678005,0.6,0,0.0008263197018322233,phase_align,,
62,-1.2213135612960913,0.6,0,0.007380661585410628,phase_align,,
63,-1.2848559998574678,0.6,0,0.033674631704543254,phase_align,,
64,-1.2059426590903866,0.6,0,0.001964122938668156,phase_align,,
65,-1.2508863522212952,0.6,0,0.019452979131545242,phase_align,,
66,-1.242293322440925,0.6,0,0.048604086358933665,phase_align,,
67,-1.23461521681323,0.6,0,0.03165875906088911,phase_align,,
68,-1.291731231298403,0.6,0,0.05960212830370234,phase_align,,
69,-1.2288028426932263,0.6,0,0.06798771365143616,phase_align,,
70,-1.2294835523635979,0.6,0,0.08655461509365564,phase_align,,
71,-1.231447837155745,0.6,0,0.0004759363729205067,phase_align,,
72,-1.22668704311261,0.6,0,0.08158189936627136,phase_align,,
73,-1.213611519531278,0.6,0,0.02087983467712567,phase_align,,
74,-1.2180734000137745,0.6,0,0.020593144039307027,phase_align,,
75,-1.221864733728633,0.6,0,0.08849333154496491,phase_align,,
76,-1.2521569079244435,0.6,0,0.0032746935588028048,phase_align,,
77,-1.1908450261018242,0.6,0,0.031816630000585544,phase_align,,
78,-1.1699391051217642,0.6,0,0.002591539844745729,phase_align,,
79,-1.2326434662103847,0.6,0,0.00550950391992446,phase_align,,
80,-1.2318888345566759,0.6,0,0.03992531790950105,phase_align,,
81,-1.2889170958835052,0.6,0,0.08344572407786861,phase_align,,
82,-1.2245164390913748,0.6,0,0.07326458711107275,phase_align,,
83,-1.1960098346887968,0.6,0,0.07186469538026635,phase_align,,
84,-1.2045170657455935,0.6,0,0.05010815996704372,phase_align,,
85,-1.1937065623887153,0.6,0,0.028536451666985166,phase_align,,
86,-1.181547339496099,0.6,0,0.00490527155006113,phase_align,,
87,-1.1941039050746762,0.6,0,0.08186956438645698,phase_align,,
88,-1.1641875822559453,0.6,0,0.07695331687378526,phase_align,,
89,-1.1960828516822677,0.6,0,0.0009680172472896192,phase_align,,
90,-1.2082899512255436,0.6,0,0.010723893525224994,phase_align,,
91,-1.181845169393895,0.6,0,0.110123751416293,phase_align,,
92,-1.17273445097173,0.6,0,0.0641633905329345,phase_align,,
93,-1.1942808486934995,0.6,0,0.009386778359511645,phase_align,,
94,-1.2672748548349122,0.6,0,0.045119453747358054,phase_align,,
95,-1.221496819155122,0.6,0,0.01239569496631644,phase_align,,
96,-1.2585851972859228,0.6,0,0.07645277782866375,phase_align,,
97,-1.1391836006187397,0.6,0,0.09542672606131826,phase_align,,
98,-1.2161530486134469,0.6,0,0.06253600102872034,phase_align,,
99,-1.2571590382066142,0.6,0,0.05998447760089576,phase_align,,
100,-1.2346739916275726,0.6,0,0.12324977176802404,phase_align,,
101,-1.23855531975412,0.6,0,0.030271158599034842,phase_align,,
102,-1.2084469604082546,0.6,0,0.009376094970639702,phase_align,,
103,-1.241793917593421,0.6,0,0.03889308066700538,phase_align,,
104,-1.24977383141363,0.6,0,0.0157905544144656,phase_align,,
105,-1.2616003785301728,0.6,0,0.014145340815646997,phase_align,,
106,-1.267511210758996,0.6,0,0.027083955959675866,phase_align,,
107,-1.2645226347091423,0.6,0,0.0038965614831259626,phase_align,,
108,-1.2155477177289469,0.6,0,0.052541744040639125,phase_align,,
109,-1.246804061772608,0.6,0,0.03141015671604524,phase_align,,
110,-1.2430650420366465,0.6,0,0.01980993100946525,phase_align,,
111,-1.2204103191771793,0.6,0,0.04750994727114245,phase_align,,
112,-1.216998665986603,0.6,0,0.011687610813991585,phase_align,,
113,-1.2194298399192811,0.6,0,0.04313679963132408,phase_align,,
114,-1.23288466226997,0.6,0,0.07756271671361971,phase_align,,
115,-1.2049118480405179,0.6,0,0.08027927028360998,phase_align,,
116,-1.198833912962475,0.6,0,0.015340165506997863,phase_align,,
117,-1.2344141473787262,0.6,0,0.006241148583144344,phase_align,,
118,-1.2458769099524507,0.6,0,0.008810240942944594,phase_align,,
119,-1.2824878404635296,0.6,0,0.022136597242478007,phase_align,,
120,-1.2257097678812496,0.6,0,0.05062544045328378,phase_align,,
121,-1.2525607027237902,0.6,0,0.04992684273178856,phase_align,,
122,-1.2187748429598906,0.6,0,0.0020491484454203818,phase_align,,
123,-1.1730972376290467,0.6,0,0.035724437861369855,phase_align,,
124,-1.2116307518164737,0.6,0,0.01641434864139526,phase_align,,
125,-1.2831858452177767,0.6,0,0.02060628234022781,phase_align,,
126,-1.1874125982250594,0.6,0,0.09653405243927118,phase_align,,
127,-1.2463003629631177,0.6,0,0.015280403623432429,phase_align,,
128,-1.2378655737113724,0.6,0,0.09413066048480655,phase_align,,
129,-1.270479505861624,0.6,0,0.07509075489936354,phase_align,,
130,-1.2663469999832955,0.6,0,0.06059892288568018,phase_align,,
131,-1.2280666193572656,0.6,0,0.01850045875863693,phase_align,,
132,-1.2096625236398502,0.6,0,0.021759665750895385,phase_align,,
133,-1.2695948716861185,0.6,0,0.07432737947933331,phase_align,,
134,-1.2419468786212033,0.6,0,0.052545059230578395,phase_align,,
135,-1.2365987446599709,0.6,0,0.10532152105476239,phase_align,,
136,-1.1796720492946213,0.6,0,0.002905323880452483,phase_align,,
137,-1.219652571969666,0.6,0,0.016624893768160478,phase_align,,
138,-1.2588277455802734,0.6,0,0.07006434499650306,phase_align,,
139,-1.2099199877662503,0.6,0,0.029584690236869722,phase_align,,
140,-1.2977909664568918,0.6,0,0.017195819971728553,phase_align,,
141,-1.2093016685994125,0.6,0,0.014834020391872304,phase_align,,
142,-1.2330401136505986,0.6,0,0.0236611628478128,phase_align,,
143,-1.1997215234592828,0.6,0,0.0036002290045149907,phase_align,,
144,-1.2053560207082343,0.6,0,0.05261608809193037,phase_align,,
145,-1.2382437301059777,0.6,0,0.0013563965866711242,phase_align,,
146,-1.2565061207521073,0.6,0,0.007105977599417147,phase_align,,
147,-1.2761340641555379,0.6,0,0.053255402854862924,phase_align,,
148,-1.2375363426349475,0.6,0,0.007988707550535937,phase_align,,
149,-1.2446350136490714,0.6,0,0.010918918819260864,phase_align,,
150,-1.3867229235253529,0.6,1,0.06539355880473026,phase_align,,
151,-1.3398249095424597,0.6,1,0.11300514048168113,phase_align,,
152,-1.3704271119408036,0.6,1,0.08360535239259663,phase_align,,
153,-1.3782550483053537,0.6,1,0.0870148990294771,phase_align,,
154,-1.3427275394672178,0.6,1,0.5676762248125146,phase_align,,
155,-1.3753824033118025,0.6,1,0.24365215832819562,phase_align,,
156,-1.3663033267346032,0.6,1,0.2794971433941357,phase_align,,
157,-1.3776534287007824,0.6,1,0.05073863397417342,phase_align,,
158,-1.3702562336740522,0.6,1,0.1627986251758856,phase_align,,
159,-1.374245584768477,0.6,1,0.11452797488557427,phase_align,,
160,-1.4125740687150543,0.6,1,0.13683911284814082,phase_align,,
161,-1.3968600633381407,0.6,1,0.41284292994289445,phase_align,,
162,-1.373644540116726,0.6,1,0.2008663803915754,phase_align,,
163,-1.372618665439254,0.6,1,0.34285227836311444,phase_align,,
164,-1.405387374692705,0.6,1,0.03894032865484704,phase_align,,
165,-1.398946251382093,0.6,1,0.11215079707841843,phase_align,,
166,-1.4022369224286493,0.6,1,0.25224706440209343,phase_align,,
167,-1.412602125135249,0.6,1,0.030837393585164435,phase_align,,
168,-1.366433051970397,0.6,1,0.29406640721989813,phase_align,,
169,-1.4152092775375398,0.6,1,0.028633970660682285,phase_align,,
170,-1.384870321419003,0.6,1,0.14614992375771205,phase_align,,
171,-1.3648762996699508,0.6,1,0.06692340048121902,phase_align,,
172,-1.4050284635766004,0.6,1,0.3014904385812731,phase_align,,
173,-1.3281892799938908,0.6,1,0.11039401843145669,phase_align,,
174,-1.4261068935455878,0.6,1,0.006701368796038711,phase_align,,
175,-1.379277220639731,0.6,1,0.14344917831967222,phase_align,,
176,-1.4085499204175518,0.6,1,0.0614668946089428,phase_align,,
177,-1.3408244082238778,0.6,1,0.10729508634583174,phase_align,,
178,-1.407342366947172,0.6,1,0.029241761749610986,phase_align,,
179,-1.3980396450082635,0.6,1,0.033388115780380145,phase_align,,
180,-1.3029756813418234,0.6,1,0.314997686452207,phase_align,,
181,-1.4147563032267085,0.6,1,0.25863066169953797,phase_align,,
182,-1.404260436968863,0.6,1,0.19766271762963433,phase_align,,
183,-1.3607597936681946,0.6,1,0.1737932977074632,phase_align,,
184,-1.3957301131570476,0.6,1,0.21622970812338468,phase_align,,
185,-1.3934952709202502,0.6,1,0.12659038802374156,phase_align,,
186,-1.40304516361261,0.6,1,0.17355514659758622,phase_align,,
187,-1.3731430755486507,0.6,1,0.2570389967917548,phase_align,,
188,-1.4112509218015568,0.6,1,0.37563734094520995,phase_align,,
189,-1.4020780994209965,0.6,1,0.2836319016522415,phase_align,,
190,-1.4013577148949559,0.6,1,0.14136772932200922,phase_align,,
191,-1.3252745283126792,0.6,1,0.04855308039871098,phase_align,,
192,-1.3836731588114455,0.6,1,0.05082379990503225,phase_align,,
193,-1.4226290582742043,0.6,1,0.051825061868874575,phase_align,,
194,-1.4015549703134897,0.6,1,0.14915070261543859,phase_align,,
195,-1.4271414524986703,0.6,1,0.2768036943691472,phase_align,,
196,-1.3870548707721193,0.6,1,0.15071490931427423,phase_align,,
197,-1.4145109055005767,0.6,1,0.12945814037991554,phase_align,,
198,-1.4310580787699763,0.6,1,0.1990372198242063,phase_align,,
199,-1.4292361721539486,0.6,1,0.07393845685015231,phase_align,,
200,-1.493855358163406,0.3,2,0.2956964302073255,phase_align,,
201,-1.4969981654494342,0.3,2,0.137249351828848,phase_align,,
202,-1.4757876726192176,0.3,2,0.056726315857676235,phase_align,,
203,-1.5207568404527163,0.3,2,0.23208835216056337,phase_align,,
204,-1.4961690151070852,0.3,2,0.23380029832204147,phase_align,,
205,-1.4953576578370904,0.3,2,0.13974941666229085,phase_align,,
206,-1.5172511833401192,0.3,2,0.43178328662394705,phase_align,,
207,-1.5296594035630038,0.3,2,0.34696023483174687,phase_align,,
208,-1.4978777102084981,0.3,2,0.026087373224280577,phase_align,,
209,-1.5109538610489077,0.3,2,0.17527303760300517,phase_align,,
210,-1.5260816209114951,0.3,2,0.06394479972480395,phase_align,,
211,-1.4972719821335851,0.3,2,0.06014160713764041,phase_align,,
212,-1.5163761646264393,0.3,2,0.21685212530634124,phase_align,,
213,-1.4847510851445518,0.3,2,0.03227933257025325,phase_align,,
214,-1.4996885704696368,0.3,2,0.11300469683808262,phase_align,,
215,-1.4813860833440429,0.3,2,0.06292827783545384,phase_align,,
216,-1.502034273109941,0.3,2,0.045943166153070016,phase_align,,
217,-1.4874026470100765,0.3,2,0.05111391574499924,phase_align,,
218,-1.5195758390020013,0.3,2,0.04798617177667758,phase_align,,
219,-1.5359023799158054,0.3,2,0.18476071943905634,phase_align,,
220,-1.5280740039828993,0.3,2,0.017382991445908068,phase_align,,
221,-1.5388917576978274,0.3,2,0.05897218015050225,phase_align,,
222,-1.4986775886073689,0.3,2,0.13838272664439313,phase_align,,
223,-1.503201367666351,0.3,2,0.376723869548868,phase_align,,
224,-1.5591624819977796,0.3,2,0.29678454829714096,phase_align,,
225,-1.4956759387672918,0.3,2,0.2777375809603888,phase_align,,
226,-1.5207461263439965,0.3,2,0.29357095402760675,phase_align,,
227,-1.5111611911534109,0.3,2,0.027241828943678877,phase_align,,
228,-1.5061254887426827,0.3,2,0.1536942195973515,phase_align,,
229,-1.5281324426336265,0.3,2,0.1276409036442485,phase_align,,
230,-1.5570089332739852,0.3,2,0.2703781479369643,phase_align,,
231,-1.529532065085883,0.3,2,0.21665780706129328,phase_align,,
232,-1.4737266616591995,0.3,2,0.2634335505003143,phase_align,,
233,-1.4934815006382283,0.3,2,0.14731449500197852,phase_align,,
234,-1.5065515818709208,0.3,2,0.11307840946659331,phase_align,,
235,-1.5274250281315578,0.3,2,0.3149261949131144,phase_align,,
236,-1.5349529423881227,0.3,2,0.3340432407962516,phase_align,,
237,-1.5121745762424745,0.3,2,0.286038118824318,phase_align,,
238,-1.5303111890920498,0.3,2,0.24197629262634013,phase_align,,
239,-1.5385599898972522,0.3,2,0.2905639711224259,phase_align,,
240,-1.5157030143722416,0.3,2,0.3228595127523518,phase_align,,
241,-1.5397414219571175,0.3,2,0.3241570011483639,phase_align,,
242,-1.562572539636503,0.3,2,0.3637105531405848,phase_align,,
243,-1.5575863839133262,0.3,2,0.1558041000891682,phase_align,,
244,-1.522997888714227,0.3,2,0.1537302252104885,phase_align,,
245,-1.5096074071742234,0.3,2,0.6880426230776797,phase_align,,
246,-1.5348623236632588,0.3,2,0.17544395406781949,phase_align,,
247,-1.519210423974799,0.3,2,0.3433816933404152,phase_align,,
248,-1.537363447162467,0.3,2,0.2742293065769188,phase_align,,
249,-1.510669435409063,0.3,2,0.2717993521427427,phase_align,,
250,-1.5136991329042626,0.3,2,0.1275859439626109,phase_align,,
251,-1.5145749458941014,0.3,2,0.20570145262622816,phase_align,,
252,-1.549210077073582,0.3,2,0.17765858256541145,phase_align,,
253,-1.4931838214000626,0.3,2,0.07866166027502244,phase_align,,
254,-1.5445527621017594,0.3,2,0.009951948456780588,phase_align,,
255,-1.5227772414600331,0.3,2,0.31147559963442584,phase_align,,
256,-1.4861815476294278,0.3,2,0.3502385982696995,phase_align,,
257,-1.5166464010225937,0.3,2,0.06172324564393456,phase_align,,
258,-1.5122793020120195,0.3,2,0.20366689621280476,phase_align,,
259,-1.4910595185657667,0.3,2,0.23728754611402764,phase_align,,
260,-1.5412453289049641,0.3,2,0.1038676697957628,phase_align,,
261,-1.5503241386088105,0.3,2,0.12518098653040444,phase_align,,
262,-1.5137322058808393,0.3,2,0.10617079163703894,phase_align,,
263,-1.5430501218767514,0.3,2,0.47806469478163405,phase_align,,
264,-1.542085496630296,0.3,2,0.05342678635158534,phase_align,,
265,-1.5188008627328373,0.3,2,0.26913137569200113,phase_align,,
266,-1.5273581188317242,0.3,2,0.22597014683239267,phase_align,,
267,-1.5727440321399617,0.3,2,0.2620311873918964,phase_align,,
268,-1.5399697069843148,0.3,2,0.09649576388258722,phase_align,,
269,-1.5062203092474669,0.3,2,0.1914928701751644,phase_align,,
270,-1.5220530616783865,0.3,2,0.3494679239002994,phase_align,,
271,-1.4785870103680183,0.3,2,0.05084935405974023,phase_align,,
272,-1.5467183867558947,0.3,2,0.5876649129490966,phase_align,,
273,-1.5783876464063837,0.3,2,0.49957439274177784,phase_align,,
274,-1.568978908405604,0.3,2,0.45010283594581796,phase_align,,
275,-1.5591888426517704,0.3,2,0.03428771289834896,phase_align,,
276,-1.5537792949620814,0.3,2,0.028093334243276084,phase_align,,
277,-1.5128289496061975,0.3,2,0.043288574474737725,phase_align,,
278,-1.5275120864990384,0.3,2,0.1710265332951473,phase_align,,
279,-1.536316757347688,0.3,2,0.020621885298406605,phase_align,,
280,-1.7369790664840872,0.1,3,0.591425284518257,phase_align,,
281,-1.7330901349683632,0.1,3,0.2930916428947299,phase_align,,
282,-1.730519347585084,0.1,3,0.3277892471442046,phase_align,,
283,-1.7344245508368474,0.1,3,0.38806311053363585,phase_align,,
284,-1.7410376406237131,0.1,3,0.3844667908518906,phase_align,,
285,-1.7043442670662914,0.1,3,0.3965525373421376,phase_align,,
286,-1.7341284419737073,0.1,3,0.25971058613602876,phase_align,,
287,-1.7017160847509767,0.1,3,0.05505313559366359,phase_align,,
288,-1.7203619001607149,0.1,3,0.2138284949265792,phase_align,,
289,-1.7020898109297857,0.1,3,0.27362431540068555,phase_align,,
290,-1.7220690694288492,0.1,3,0.07395996926757212,phase_align,,
291,-1.7190497924066204,0.1,3,0.21358039987635094,phase_align,,
292,-1.7284788681391854,0.1,3,0.49619010174453454,phase_align,,
293,-1.7224341203232072,0.1,3,0.319280702321903,phase_align,,
294,-1.7348603183332614,0.1,3,0.018281865283859146,phase_align,,
295,-1.7354657093366344,0.1,3,0.39423466728135687,phase_align,,
296,-1.7088124135272595,0.1,3,0.22754607264318458,phase_align,,
297,-1.699765898439696,0.1,3,0.14306161624721414,phase_align,,
298,-1.72227955686146,0.1,3,0.058606208101262755,phase_align,,
299,-1.7310884400781212,0.1,3,0.37997012707322425,phase_align,,
300,-1.704667721239252,0.1,3,0.23372947392703478,phase_align,,
301,-1.7099988326643614,0.1,3,0.3049417642403328,phase_align,,
302,-1.747392115883997,0.1,3,0.0839000421756725,phase_align,,
303,-1.7228942925134494,0.1,3,0.1023052656551439,phase_align,,
304,-1.7277061710528048,0.1,3,0.1412812128639625,phase_align,,
305,-1.7028378953273209,0.1,3,0.08103798791044571,phase_align,,
306,-1.7039368885060036,0.1,3,0.4817419649764507,phase_align,,
307,-1.7476234937578523,0.1,3,0.4375391627435713,phase_align,,
308,-1.7202737436951065,0.1,3,0.32516286651412735,phase_align,,
309,-1.7241687289347392,0.1,3,0.31637956163464803,phase_align,,
310,-1.7098006605841545,0.1,3,0.017017555314232016,phase_align,,
311,-1.699245745510884,0.1,3,0.14137818221957643,phase_align,,
312,-1.7474119831351738,0.1,3,0.4606650632081903,phase_align,,
313,-1.720172729439716,0.1,3,0.049375770790076635,phase_align,,
314,-1.713978039018102,0.1,3,0.39625594632026967,phase_align,,
315,-1.730524716917195,0.1,3,0.12383092009866149,phase_align,,
316,-1.7307193700760921,0.1,3,0.6646987587523404,phase_align,,
317,-1.7189082650035514,0.1,3,0.22926925572668388,phase_align,,
318,-1.6936271120414492,0.1,3,0.1956141446206536,phase_align,,
319,-1.7252518631251528,0.1,3,0.05480292130306453,phase_align,,
320,-1.7084175840881186,0.1,3,0.16327772106034708,phase_align,,
321,-1.7123356786049126,0.1,3,0.3952898244274746,phase_align,,
322,-1.7119099239870403,0.1,3,0.4095704088780877,phase_align,,
323,-1.7283705200869133,0.1,3,0.007777452447774242,phase_align,,
324,-1.7330893259484343,0.1,3,0.4421863308549868,phase_align,,
325,-1.7295540303735486,0.1,3,0.15590346028304536,phase_align,,
326,-1.7290201043325584,0.1,3,0.46219264463350296,phase_align,,
327,-1.7419196232315088,0.1,3,0.12469703932660106,phase_align,,
328,-1.7244283223631314,0.1,3,0.005959272444591341,phase_align,,
329,-1.7195864600114077,0.1,3,0.022981901161668816,phase_align,,
330,-1.7278505833810227,0.1,3,0.24409234271084185,phase_align,,
331,-1.7246027207229138,0.1,3,0.17571255787819964,phase_align,,
332,-1.7167481962886009,0.1,3,0.04517989748970043,phase_align,,
333,-1.715845460287563,0.1,3,0.49757045090840474,phase_align,,
334,-1.7552205428871839,0.1,3,0.4178382670704481,phase_align,,
335,-1.7161816076281724,0.1,3,0.12986152897963443,phase_align,,
336,-1.7092652391762508,0.1,3,0.02333893411971908,phase_align,,
337,-1.7137295933289687,0.1,3,0.47362040841212044,phase_align,,
338,-1.7147840464631727,0.1,3,0.07945676185405533,phase_align,,
339,-1.7242689116155967,0.1,3,0.07705879315601062,phase_align,,
340,-1.7456816258433143,0.1,3,0.4609654639417168,phase_align,,
341,-1.715161461945987,0.1,3,0.18391993308609939,phase_align,,
342,-1.7227267184684114,0.1,3,0.020278766311805873,phase_align,,
343,-1.6929081790356686,0.1,3,0.1600089606285629,phase_align,,
344,-1.730772506327762,0.1,3,0.499116642172981,phase_align,,
345,-1.7148186353247885,0.1,3,0.044315828035257035,phase_align,,
346,-1.687058718977619,0.1,3,0.22852719433394267,phase_align,,
347,-1.7194550599721925,0.1,3,0.07773508886040348,phase_align,,
348,-1.710643672272555,0.1,3,0.2882811752095999,phase_align,,
349,-1.6957052316230175,0.1,3,0.5697928624124697,phase_align,,
350,-1.7282596207346035,0.1,3,0.3958718500556419,phase_align,,
351,-1.716388043243391,0.1,3,0.4376832315777088,phase_align,,
352,-1.721403050554983,0.1,3,0.051518616817506274,phase_align,,
353,-1.693243402168673,0.1,3,0.03695960136568255,phase_align,,
354,-1.7267222898588463,0.1,3,0.029685663011658925,phase_align,,
355,-1.736308303749237,0.1,3,0.2214867373894112,phase_align,,
356,-1.7215449448691404,0.1,3,0.4020758475451575,phase_align,,
357,-1.7191341287647208,0.1,3,0.08610667873304909,phase_align,,
358,-1.7497368611608661,0.1,3,0.3805272698698629,phase_align,,
359,-1.716136524136821,0.1,3,0.49875739908095096,phase_align,,
360,-1.7294439709014364,0.1,3,0.15063920343722143,phase_align,,
361,-1.7242356439451947,0.1,3,0.054784556364957625,phase_align,,
362,-1.7137184901355749,0.1,3,0.31589883222421405,phase_align,,
363,-1.7047959271348232,0.1,3,0.0035861591837725937,phase_align,,
364,-1.7386311435187312,0.1,3,0.38058884548626887,phase_align,,
365,-1.7127685729479332,0.1,3,0.40834120112259287,phase_align,,
366,-1.7043165749554738,0.1,3,0.37802207897142437,phase_align,,
367,-1.7475176393960152,0.1,3,0.46348577801725155,phase_align,,
368,-1.7115515112390796,0.1,3,0.04619906310040375,phase_align,,
369,-1.7307948056689586,0.1,3,0.007834295226193262,phase_align,,
370,-1.7428160362519074,0.1,3,0.14795197269385826,phase_align,,
371,-1.6825076193415107,0.1,3,0.11436900792656571,phase_align,,
372,-1.729366696512323,0.1,3,0.12303647317152436,phase_align,,
373,-1.7101311459911566,0.1,3,0.10976052991449207,phase_align,,
374,-1.7092916662030015,0.1,3,0.062392598540449956,phase_align,,
375,-1.737984865593411,0.1,3,0.3627693467969895,phase_align,,
376,-1.7057370187238918,0.1,3,0.28736720293632806,phase_align,,
377,-1.74499473469452,0.1,3,0.20839703423139128,phase_align,,
378,-1.7132618487932867,0.1,3,0.4809241258910188,phase_align,,
379,-1.74258487526741,0.1,3,0.6172706640191122,phase_align,,
380,-1.7152211749179154,0.1,3,0.011356417553203766,phase_align,,
381,-1.709284465726702,0.1,3,0.22406372139458822,phase_align,,
382,-1.738204383159891,0.1,3,0.10412189063313222,phase_align,,
383,-1.7264981375433117,0.1,3,0.09759267057067657,phase_align,,
384,-1.70614245380835,0.1,3,0.15848794396499227,phase_align,,
385,-1.7238623071074084,0.1,3,0.10080122684720097,phase_align,,
386,-1.7357861002218629,0.1,3,0.1472598507344675,phase_align,,
387,-1.7423666704766059,0.1,3,0.12089873627280304,phase_align,,
388,-1.7330647207097014,0.1,3,0.4356547996618285,phase_align,,
389,-1.7492999468003072,0.1,3,0.051181620967544084,phase_align,,
390,-1.7191163727901468,0.1,3,0.4050394999497709,phase_align,,
391,-1.7136776132287883,0.1,3,0.17742284039981293,phase_align,,
392,-1.742348028628516,0.1,3,0.05539197403979919,phase_align,,
393,-1.7401882955522059,0.1,3,0.07951927951801525,phase_align,,
394,-1.7324346514033722,0.1,3,0.014839383403677412,phase_align,,
395,-1.7188096477111376,0.1,3,0.49706918388189614,phase_align,,
396,-1.7190736657020824,0.1,3,0.41116219446021207,phase_align,,
397,-1.7071765145312492,0.1,3,0.2852520763887776,phase_align,,
398,-1.7073350210181215,0.1,3,0.15555099998857846,phase_align,,
399,-1.7244148697074904,0.1,3,0.5020703462732615,phase_align,,
0,-0.46998433390571664,0.6,0,,sgho_phase,0.0,0.1
1,-0.6340060399140819,0.6,0,,sgho_phase,0.0,0.1
2,-0.6542788414050072,0.6,0,,sgho_phase,0.0,0.1
3,-0.8073922830580746,0.6,0,,sgho_phase,0.0,0.1
4,-0.9589331077919228,0.6,0,,sgho_phase,0.0,0.1
5,-0.9487674489909341,0.6,0,,sgho_phase,0.0,0.1
6,-1.0268712041232924,0.6,0,,sgho_phase,0.0,0.1
7,-1.0153613690162044,0.6,0,,sgho_phase,0.0,0.1
8,-1.1370212953091068,0.6,0,,sgho_phase,0.0,0.1
9,-1.221349839036353,0.6,0,,sgho_phase,0.0,0.1
10,-1.1546662734601623,0.6,0,,sgho_phase,0.0,0.1
11,-1.1603242147097017,0.6,0,,sgho_phase,0.0,0.1
12,-1.188995815851269,0.6,0,,sgho_phase,0.0,0.1
13,-1.1596707183777744,0.6,0,,sgho_phase,0.0,0.1
14,-1.2198239301631268,0.6,0,,sgho_phase,0.0,0.1
15,-1.2511284039674364,0.6,0,,sgho_phase,0.0,0.1
16,-1.1535732796360372,0.6,0,,sgho_phase,0.0,0.1
17,-1.2135631268410276,0.6,0,,sgho_phase,0.0,0.1
18,-1.1802079132816474,0.6,0,,sgho_phase,0.0,0.1
19,-1.3042673452778129,0.6,0,,sgho_phase,0.0,0.1
20,-1.2005309662748318,0.6,0,,sgho_phase,0.0,0.1
21,-1.1509965046620785,0.6,0,,sgho_phase,0.0,0.1
22,-1.1953117954359769,0.6,0,,sgho_phase,0.0,0.1
23,-1.2691810633205187,0.6,0,,sgho_phase,0.0,0.1
24,-1.2118825933011403,0.6,0,,sgho_phase,0.0,0.1
25,-1.1522839657877952,0.6,0,,sgho_phase,0.0,0.1
26,-1.2575276652267695,0.6,0,,sgho_phase,0.0,0.1
27,-1.2488742717768675,0.6,0,,sgho_phase,0.0,0.1
28,-1.227798078294922,0.6,0,,sgho_phase,0.0,0.1
29,-1.2523281096574297,0.6,0,,sgho_phase,0.0,0.1
30,-1.137723779018803,0.6,0,,sgho_phase,0.0,0.1
31,-1.1975463990180162,0.6,0,,sgho_phase,0.0,0.1
32,-1.192269095424085,0.6,0,,sgho_phase,0.0,0.1
33,-1.2280376000161253,0.6,0,,sgho_phase,0.0,0.1
34,-1.2742550122898135,0.6,0,,sgho_phase,0.0,0.1
35,-1.2324425976133324,0.6,0,,sgho_phase,0.0,0.1
36,-1.1965035905154195,0.6,0,,sgho_phase,0.0,0.1
37,-1.2463577266893946,0.6,0,,sgho_phase,0.0,0.1
38,-1.2438893141262977,0.6,0,,sgho_phase,0.0,0.1
39,-1.2497063155841892,0.6,0,,sgho_phase,0.0,0.1
40,-1.253436614039653,0.6,0,,sgho_phase,0.0,0.1
41,-1.1860151804599854,0.6,0,,sgho_phase,0.0,0.1
42,-1.2687580147882167,0.6,0,,sgho_phase,0.0,0.1
43,-1.2490295581953006,0.6,0,,sgho_phase,0.0,0.1
44,-1.1416465036650236,0.6,0,,sgho_phase,0.0,0.1
45,-1.2478894470764215,0.6,0,,sgho_phase,0.0,0.1
46,-1.2174411943089787,0.6,0,,sgho_phase,0.0,0.1
47,-1.2336015039284463,0.6,0,,sgho_phase,0.0,0.1
48,-1.1964122578986076,0.6,0,,sgho_phase,0.0,0.1
49,-1.2250846646392388,0.6,0,,sgho_phase,0.0,0.1
50,-1.247521181814994,0.6,0,,sgho_phase,0.0,0.1
51,-1.1766205490028727,0.6,0,,sgho_phase,0.0,0.1
52,-1.1945832015314317,0.6,0,,sgho_phase,0.0,0.1
53,-1.1442416431970512,0.6,0,,sgho_phase,0.0,0.1
54,-1.2255024597722364,0.6,0,,sgho_phase,0.0,0.1
55,-1.220021219392033,0.6,0,,sgho_phase,0.0,0.1
56,-1.2372550675832628,0.6,0,,sgho_phase,0.0,0.1
57,-1.1667736687109014,0.6,0,,sgho_phase,0.0,0.1
58,-1.2521652513251134,0.6,0,,sgho_phase,0.0,0.1
59,-1.122914697200131,0.6,0,,sgho_phase,0.0,0.1
60,-1.2047229476958132,0.6,0,,sgho_phase,0.0,0.1
61,-1.237715056329091,0.6,0,,sgho_phase,0.0,0.1
62,-1.269429042242896,0.6,0,,sgho_phase,0.0,0.1
63,-1.2313573606582215,0.6,0,,sgho_phase,0.0,0.1
64,-1.2129366797880787,0.6,0,,sgho_phase,0.0,0.1
65,-1.2498183361474502,0.6,0,,sgho_phase,0.0,0.1
66,-1.2452978854370733,0.6,0,,sgho_phase,0.0,0.1
67,-1.2305718869877815,0.6,0,,sgho_phase,0.0,0.1
68,-1.252550960539935,0.6,0,,sgho_phase,0.0,0.1
69,-1.20923266535338,0.6,0,,sgho_phase,0.0,0.1
70,-1.2884592763702054,0.6,0,,sgho_phase,0.0,0.1
71,-1.3044507104522902,0.6,0,,sgho_phase,0.0,0.1
72,-1.2393873411301464,0.6,0,,sgho_phase,0.0,0.1
73,-1.2549937047235022,0.6,0,,sgho_phase,0.0,0.1
74,-1.252316447065419,0.6,0,,sgho_phase,0.0,0.1
75,-1.401672793127847,0.6,1,,sgho_phase,0.0,0.08
76,-1.4491652930770316,0.6,1,,sgho_phase,0.0,0.08
77,-1.4417255114902756,0.6,1,,sgho_phase,0.0,0.08
78,-1.419677553327034,0.6,1,,sgho_phase,0.0,0.08
79,-1.4661680223032756,0.6,1,,sgho_phase,0.0,0.08
80,-1.3927582493915316,0.6,1,,sgho_phase,1.0,0.08
81,-1.3961110336821059,0.6,1,,sgho_phase,1.0,0.08
82,-1.3866305426674486,0.6,1,,sgho_phase,0.0,0.08
83,-1.4317017469206488,0.6,1,,sgho_phase,0.0,0.08
84,-1.40759302956561,0.6,1,,sgho_phase,1.0,0.08
85,-1.4332643365336508,0.6,1,,sgho_phase,0.0,0.08
86,-1.367530770315342,0.6,1,,sgho_phase,0.0,0.08
87,-1.376226825515152,0.6,1,,sgho_phase,1.0,0.08
88,-1.431938607785371,0.6,1,,sgho_phase,0.0,0.08
89,-1.4205927420869755,0.6,1,,sgho_phase,0.0,0.08
90,-1.477239350888789,0.6,1,,sgho_phase,0.0,0.08
91,-1.4300623938577708,0.6,1,,sgho_phase,0.0,0.08
92,-1.3693110725050928,0.6,1,,sgho_phase,1.0,0.08
93,-1.417440251380498,0.6,1,,sgho_phase,0.0,0.08
94,-1.445800965429114,0.6,1,,sgho_phase,1.0,0.08
95,-1.368766502945602,0.6,1,,sgho_phase,1.0,0.08
96,-1.3630226276007824,0.6,1,,sgho_phase,0.0,0.08
97,-1.4068101913225064,0.6,1,,sgho_phase,1.0,0.08
98,-1.3927216062792345,0.6,1,,sgho_phase,0.0,0.08
99,-1.3822238254297043,0.6,1,,sgho_phase,0.0,0.08
100,-1.3667857262870515,0.6,1,,sgho_phase,0.0,0.08
101,-1.445527779046274,0.6,1,,sgho_phase,0.0,0.08
102,-1.4183718096041007,0.6,1,,sgho_phase,0.0,0.08
103,-1.4254033398030135,0.6,1,,sgho_phase,0.0,0.08
104,-1.3992108158995022,0.6,1,,sgho_phase,0.0,0.08
105,-1.4921098074358294,0.6,1,,sgho_phase,0.0,0.08
106,-1.4337490897999081,0.6,1,,sgho_phase,0.0,0.08
107,-1.4375762183661493,0.6,1,,sgho_phase,1.0,0.08
108,-1.4121708261377754,0.6,1,,sgho_phase,0.0,0.08
109,-1.4559719490386354,0.6,1,,sgho_phase,0.0,0.08
110,-1.418813324118081,0.6,1,,sgho_phase,1.0,0.08
111,-1.435550788222554,0.6,1,,sgho_phase,0.0,0.08
112,-1.3915681459207239,0.6,1,,sgho_phase,1.0,0.08
113,-1.3949853584676033,0.6,1,,sgho_phase,1.0,0.08
114,-1.4160205998356878,0.6,1,,sgho_phase,0.0,0.08
115,-1.3534372586357186,0.6,1,,sgho_phase,1.0,0.08
116,-1.4476079309737588,0.6,1,,sgho_phase,0.0,0.08
117,-1.4145046620096686,0.6,1,,sgho_phase,1.0,0.08
118,-1.382674702424761,0.6,1,,sgho_phase,0.0,0.08
119,-1.476821341639778,0.6,1,,sgho_phase,1.0,0.08
120,-1.3976473206076712,0.6,1,,sgho_phase,1.0,0.08
121,-1.3940765658758838,0.6,1,,sgho_phase,1.0,0.08
122,-1.4418015991679005,0.6,1,,sgho_phase,0.0,0.08
123,-1.4202305553732386,0.6,1,,sgho_phase,0.0,0.08
124,-1.4003825982639078,0.6,1,,sgho_phase,1.0,0.08
125,-1.5737252356976559,0.3,2,,sgho_phase,1.0,0.06
126,-1.5171146753961682,0.3,2,,sgho_phase,1.0,0.06
127,-1.5773063972844548,0.3,2,,sgho_phase,1.0,0.06
128,-1.5129770355663097,0.3,2,,sgho_phase,1.0,0.06
129,-1.5253815679704072,0.3,2,,sgho_phase,0.0,0.06
130,-1.5394677329104467,0.3,2,,sgho_phase,0.0,0.06
131,-1.5157724442413367,0.3,2,,sgho_phase,0.0,0.06
132,-1.5044150754022891,0.3,2,,sgho_phase,0.0,0.06
133,-1.5262267751876872,0.3,2,,sgho_phase,1.0,0.06
134,-1.5299263368231,0.3,2,,sgho_phase,1.0,0.06
135,-1.5489377406378995,0.3,2,,sgho_phase,0.0,0.06
136,-1.5463397301859614,0.3,2,,sgho_phase,1.0,0.06
137,-1.5358485515267581,0.3,2,,sgho_phase,0.0,0.06
138,-1.554657723262621,0.3,2,,sgho_phase,1.0,0.06
139,-1.508261699634091,0.3,2,,sgho_phase,0.0,0.06
140,-1.583486762427958,0.3,2,,sgho_phase,0.0,0.06
141,-1.545665650254273,0.3,2,,sgho_phase,1.0,0.06
142,-1.5788338388414802,0.3,2,,sgho_phase,1.0,0.06
143,-1.4936506090662922,0.3,2,,sgho_phase,1.0,0.06
144,-1.5389322513220227,0.3,2,,sgho_phase,1.0,0.06
145,-1.5437590236757068,0.3,2,,sgho_phase,1.0,0.06
146,-1.5405799673426506,0.3,2,,sgho_phase,0.0,0.06
147,-1.5734013260544797,0.3,2,,sgho_phase,0.0,0.06
148,-1.5381957733087674,0.3,2,,sgho_phase,1.0,0.06
149,-1.563715681362552,0.3,2,,sgho_phase,1.0,0.06
150,-1.5360585053996794,0.3,2,,sgho_phase,0.0,0.06
151,-1.5469603215139915,0.3,2,,sgho_phase,1.0,0.06
152,-1.5943788463178667,0.3,2,,sgho_phase,0.0,0.06
153,-1.4831751471379464,0.3,2,,sgho_phase,0.0,0.06
154,-1.5401048971891969,0.3,2,,sgho_phase,0.0,0.06
155,-1.5558910664626109,0.3,2,,sgho_phase,1.0,0.06
156,-1.5205935635429104,0.3,2,,sgho_phase,1.0,0.06
157,-1.480086880667291,0.3,2,,sgho_phase,1.0,0.06
158,-1.5890678398243745,0.3,2,,sgho_phase,1.0,0.06
159,-1.5442792591861887,0.3,2,,sgho_phase,1.0,0.06
160,-1.5701108191413846,0.3,2,,sgho_phase,1.0,0.06
161,-1.5022063558150407,0.3,2,,sgho_phase,1.0,0.06
162,-1.5954732872135375,0.3,2,,sgho_phase,1.0,0.06
163,-1.5521874173351873,0.3,2,,sgho_phase,1.0,0.06
164,-1.5575445672411339,0.3,2,,sgho_phase,1.0,0.06
165,-1.573158630048329,0.3,2,,sgho_phase,0.0,0.06
166,-1.5256929911583603,0.3,2,,sgho_phase,1.0,0.06
167,-1.4983346509124473,0.3,2,,sgho_phase,0.0,0.06
168,-1.5603198412609594,0.3,2,,sgho_phase,1.0,0.06
169,-1.531631044833338,0.3,2,,sgho_phase,1.0,0.06
170,-1.4901027671435818,0.3,2,,sgho_phase,0.0,0.06
171,-1.5551882405861894,0.3,2,,sgho_phase,0.0,0.06
172,-1.5035764048978986,0.3,2,,sgho_phase,0.0,0.06
173,-1.5800816139808096,0.3,2,,sgho_phase,1.0,0.06
174,-1.585864835082088,0.3,2,,sgho_phase,0.0,0.06
175,-1.5150351616430187,0.3,2,,sgho_phase,0.0,0.06
176,-1.575802910540009,0.3,2,,sgho_phase,0.0,0.06
177,-1.5224148613242048,0.3,2,,sgho_phase,1.0,0.06
178,-1.543393232388436,0.3,2,,sgho_phase,0.0,0.06
179,-1.5634100206390456,0.3,2,,sgho_phase,1.0,0.06
180,-1.570205491010861,0.3,2,,sgho_phase,1.0,0.06
181,-1.474968664427993,0.3,2,,sgho_phase,0.0,0.06
182,-1.5385030893854903,0.3,2,,sgho_phase,0.0,0.06
183,-1.5127434914459554,0.3,2,,sgho_phase,0.0,0.06
184,-1.4986666812916551,0.3,2,,sgho_phase,0.0,0.06
185,-1.5640560580643905,0.3,2,,sgho_phase,0.0,0.06
186,-1.5382176067981304,0.3,2,,sgho_phase,1.0,0.06
187,-1.5330109981440714,0.3,2,,sgho_phase,0.0,0.06
188,-1.5865384426440192,0.3,2,,sgho_phase,1.0,0.06
189,-1.5858945145204837,0.3,2,,sgho_phase,1.0,0.06
190,-1.5693262020153824,0.3,2,,sgho_phase,0.0,0.06
191,-1.5996161659433201,0.3,2,,sgho_phase,1.0,0.06
192,-1.6058646003453108,0.3,2,,sgho_phase,1.0,0.06
193,-1.5794073164599767,0.3,2,,sgho_phase,1.0,0.06
194,-1.5567277109222841,0.3,2,,sgho_phase,1.0,0.06
195,-1.571488515636141,0.3,2,,sgho_phase,1.0,0.06
196,-1.568605642909511,0.3,2,,sgho_phase,0.0,0.06
197,-1.5597692563865437,0.3,2,,sgho_phase,1.0,0.06
198,-1.5691888579493236,0.3,2,,sgho_phase,0.0,0.06
199,-1.524699555288238,0.3,2,,sgho_phase,0.0,0.06
200,-1.5086636504470248,0.3,2,,sgho_phase,0.0,0.06
201,-1.5929663852071283,0.3,2,,sgho_phase,1.0,0.06
202,-1.5644416786383226,0.3,2,,sgho_phase,1.0,0.06
203,-1.45456165617416,0.3,2,,sgho_phase,1.0,0.06
204,-1.5940854370862072,0.3,2,,sgho_phase,0.0,0.06
205,-1.7477899296490282,0.1,3,,sgho_phase,0.0,0.04
206,-1.8017473505777577,0.1,3,,sgho_phase,0.0,0.04
207,-1.8197078498273895,0.1,3,,sgho_phase,0.0,0.04
208,-1.7319962241381086,0.1,3,,sgho_phase,1.0,0.04
209,-1.8136394116414294,0.1,3,,sgho_phase,0.0,0.04
210,-1.8273314716733908,0.1,3,,sgho_phase,0.0,0.04
211,-1.7401518937022329,0.1,3,,sgho_phase,1.0,0.04
212,-1.7145038686708713,0.1,3,,sgho_phase,0.0,0.04
213,-1.7875099196328912,0.1,3,,sgho_phase,1.0,0.04
214,-1.6903838371900417,0.1,3,,sgho_phase,1.0,0.04
215,-1.6663125549535356,0.1,3,,sgho_phase,0.0,0.04
216,-1.7296358117877002,0.1,3,,sgho_phase,0.0,0.04
217,-1.7894275913196336,0.1,3,,sgho_phase,1.0,0.04
218,-1.7794448024756577,0.1,3,,sgho_phase,0.0,0.04
219,-1.715499221043152,0.1,3,,sgho_phase,1.0,0.04
220,-1.7352986274189275,0.1,3,,sgho_phase,0.0,0.04
221,-1.6957199136659855,0.1,3,,sgho_phase,1.0,0.04
222,-1.7697581790348755,0.1,3,,sgho_phase,1.0,0.04
223,-1.7894527685264028,0.1,3,,sgho_phase,0.0,0.04
224,-1.7505040106339604,0.1,3,,sgho_phase,1.0,0.04
225,-1.6854354081643361,0.1,3,,sgho_phase,1.0,0.04
226,-1.760405834247775,0.1,3,,sgho_phase,1.0,0.04
227,-1.7968778088033757,0.1,3,,sgho_phase,1.0,0.04
228,-1.768982813618671,0.1,3,,sgho_phase,1.0,0.04
229,-1.8684877395907864,0.1,3,,sgho_phase,0.0,0.04
230,-1.78470095005718,0.1,3,,sgho_phase,1.0,0.04
231,-1.808919055876864,0.1,3,,sgho_phase,1.0,0.04
232,-1.7264341947557449,0.1,3,,sgho_phase,1.0,0.04
233,-1.7074463136525,0.1,3,,sgho_phase,0.0,0.04
234,-1.7889681610308132,0.1,3,,sgho_phase,1.0,0.04
235,-1.7709891450855384,0.1,3,,sgho_phase,1.0,0.04
236,-1.781955914416914,0.1,3,,sgho_phase,0.0,0.04
237,-1.7537036965894144,0.1,3,,sgho_phase,0.0,0.04
238,-1.7988770979584412,0.1,3,,sgho_phase,0.0,0.04
239,-1.7791641206073918,0.1,3,,sgho_phase,1.0,0.04
240,-1.752008837922214,0.1,3,,sgho_phase,0.0,0.04
241,-1.820692045842077,0.1,3,,sgho_phase,1.0,0.04
242,-1.7587356712283122,0.1,3,,sgho_phase,0.0,0.04
243,-1.835451062804347,0.1,3,,sgho_phase,1.0,0.04
244,-1.8212459827857646,0.1,3,,sgho_phase,1.0,0.04
245,-1.805881316824892,0.1,3,,sgho_phase,0.0,0.04
246,-1.8118015765688207,0.1,3,,sgho_phase,1.0,0.04
247,-1.7689493116960617,0.1,3,,sgho_phase,1.0,0.04
248,-1.8110062181965085,0.1,3,,sgho_phase,1.0,0.04
249,-1.716566616881432,0.1,3,,sgho_phase,1.0,0.04
250,-1.7456275159333483,0.1,3,,sgho_phase,1.0,0.04
251,-1.813627196783104,0.1,3,,sgho_phase,1.0,0.04
252,-1.817824756690519,0.1,3,,sgho_phase,0.0,0.04
253,-1.7756791038638875,0.1,3,,sgho_phase,1.0,0.04
254,-1.778978052322497,0.1,3,,sgho_phase,0.0,0.04
255,-1.7635537362023435,0.1,3,,sgho_phase,0.0,0.04
256,-1.7931164299082134,0.1,3,,sgho_phase,1.0,0.04
257,-1.7231590937243428,0.1,3,,sgho_phase,1.0,0.04
258,-1.7223055132394722,0.1,3,,sgho_phase,1.0,0.04
259,-1.7493819575149334,0.1,3,,sgho_phase,0.0,0.04
260,-1.754175108193075,0.1,3,,sgho_phase,0.0,0.04
261,-1.764608952868957,0.1,3,,sgho_phase,0.0,0.04
262,-1.7161511021327556,0.1,3,,sgho_phase,1.0,0.04
263,-1.792930878756532,0.1,3,,sgho_phase,1.0,0.04
264,-1.773562025543879,0.1,3,,sgho_phase,1.0,0.04
265,-1.815393511497027,0.1,3,,sgho_phase,1.0,0.04
266,-1.7923941047099878,0.1,3,,sgho_phase,1.0,0.04
267,-1.8388918570895993,0.1,3,,sgho_phase,1.0,0.04
268,-1.7909466965230487,0.1,3,,sgho_phase,0.0,0.04
269,-1.815785778462331,0.1,3,,sgho_phase,1.0,0.04
270,-1.8220758207035364,0.1,3,,sgho_phase,0.0,0.04
271,-1.6438165601263064,0.1,3,,sgho_phase,1.0,0.04
272,-1.838283579413059,0.1,3,,sgho_phase,1.0,0.04
273,-1.7432129932183478,0.1,3,,sgho_phase,1.0,0.04
274,-1.8353251382882132,0.1,3,,sgho_phase,1.0,0.04
275,-1.9066551351909318,0.1,3,,sgho_phase,1.0,0.04
276,-1.8624148510723297,0.1,3,,sgho_phase,1.0,0.04
277,-1.7375291368186343,0.1,3,,sgho_phase,1.0,0.04
278,-1.8684982062658368,0.1,3,,sgho_phase,0.0,0.04
279,-1.8438531986172548,0.1,3,,sgho_phase,0.0,0.04
280,-1.6974850669135262,0.1,3,,sgho_phase,1.0,0.04
281,-1.7853716199385081,0.1,3,,sgho_phase,0.0,0.04
282,-1.7803322373490447,0.1,3,,sgho_phase,1.0,0.04
283,-1.7692277233345128,0.1,3,,sgho_phase,0.0,0.04
284,-1.7556245267496453,0.1,3,,sgho_phase,0.0,0.04
285,-1.8263405072672727,0.1,3,,sgho_phase,1.0,0.04
286,-1.7913435670414763,0.1,3,,sgho_phase,1.0,0.04
287,-1.8226787107776832,0.1,3,,sgho_phase,1.0,0.04
288,-1.8051361724965824,0.1,3,,sgho_phase,0.0,0.04
289,-1.8251983614835163,0.1,3,,sgho_phase,1.0,0.04
290,-1.835143718082529,0.1,3,,sgho_phase,0.0,0.04
291,-1.8217578575769333,0.1,3,,sgho_phase,1.0,0.04
292,-1.8210433425643422,0.1,3,,sgho_phase,0.0,0.04
293,-1.7969099154079196,0.1,3,,sgho_phase,0.0,0.04
294,-1.852637227135077,0.1,3,,sgho_phase,1.0,0.04
295,-1.7366696948728721,0.1,3,,sgho_phase,1.0,0.04
296,-1.8187221082820515,0.1,3,,sgho_phase,0.0,0.04
297,-1.8029598192695269,0.1,3,,sgho_phase,1.0,0.04
298,-1.8020258712359514,0.1,3,,sgho_phase,0.0,0.04
299,-1.814631319545898,0.1,3,,sgho_phase,1.0,0.04
300,-1.795698958980839,0.1,3,,sgho_phase,0.0,0.04
301,-1.8267887612569162,0.1,3,,sgho_phase,0.0,0.04
302,-1.7493045705547,0.1,3,,sgho_phase,1.0,0.04
303,-1.7373740735727823,0.1,3,,sgho_phase,0.0,0.04
304,-1.811442606653905,0.1,3,,sgho_phase,1.0,0.04
305,-1.8290418378153923,0.1,3,,sgho_phase,1.0,0.04
306,-1.7619243089899779,0.1,3,,sgho_phase,1.0,0.04
307,-1.7793549533075663,0.1,3,,sgho_phase,0.0,0.04
308,-1.8170251846097218,0.1,3,,sgho_phase,0.0,0.04
309,-1.7455021689417562,0.1,3,,sgho_phase,1.0,0.04
310,-1.791406381624998,0.1,3,,sgho_phase,0.0,0.04
311,-1.610965502329114,0.1,3,,sgho_phase,1.0,0.04
312,-1.6612284934557144,0.1,3,,sgho_phase,0.0,0.04
313,-1.828226050395389,0.1,3,,sgho_phase,1.0,0.04
314,-1.8189067522741968,0.1,3,,sgho_phase,1.0,0.04
315,-1.8508635684448997,0.1,3,,sgho_phase,1.0,0.04
316,-1.7807806621748803,0.1,3,,sgho_phase,0.0,0.04
317,-1.8002587260923983,0.1,3,,sgho_phase,0.0,0.04
318,-1.7840786730584766,0.1,3,,sgho_phase,0.0,0.04
319,-1.825975490067457,0.1,3,,sgho_phase,1.0,0.04
320,-1.8727118421738758,0.1,3,,sgho_phase,0.0,0.04
321,-1.8621294417199203,0.1,3,,sgho_phase,1.0,0.04
322,-1.7973767451952196,0.1,3,,sgho_phase,0.0,0.04
323,-1.7979302105044743,0.1,3,,sgho_phase,0.0,0.04
324,-1.772540175154124,0.1,3,,sgho_phase,0.0,0.04
